delta.rank	pval	level	nseqs	term	name	p.adj
-1402	1.8863185261336e-7	2	115	GO:0006412;GO:0043043	peptide biosynthetic process	4.9629040422575e-4
-1033	2.66744485472511e-6	3	173	GO:0043604	amide biosynthetic process	0.00350902370639088
-922	2.96239185915909e-5	4	172	GO:0006518	peptide metabolic process	0.0259801766048252
3200	1.13086602612611e-4	4	12	GO:0097374	sensory neuron axon guidance	0.0743827128684449
