delta.rank	pval	level	nseqs	term	name	p.adj
747	1.2526896387995e-8	2	333	GO:0005730	nucleolus	5.08591993352597e-6
2064	1.38386108182525e-7	2	36	GO:0030684	preribosome	2.80923799610526e-5
2064	8.52798726604646e-5	3	20	GO:0032040	small-subunit processome	0.0115412094333829
387	3.91779260521242e-4	2	491	GO:0140513	nuclear protein-containing complex	0.0397655949429061
-1861	7.75347502084363e-4	4	18	GO:0022625	cytosolic large ribosomal subunit	0.0629582171692503
-2070	0.00147759068055492	2	13	GO:0016327	apicolateral plasma membrane	0.0999836360508829
