delta.rank	pval	level	nseqs	term	name	p.adj
-1291	7.34668512288719e-6	3	294	GO:0006518	peptide metabolic process	0.0135496855992923
-1572	7.71622186747855e-6	3	196	GO:0006412;GO:0043043	peptide biosynthetic process	0.0135496855992923
1221	2.22291797535154e-5	2	294	GO:0051276	chromosome organization	0.0208333885753207
-1289	2.67333210338854e-5	2	258	GO:0098742	cell-cell adhesion via plasma-membrane adhesion molecules	0.0208333885753207
-712	2.96602912518803e-5	4	868	GO:1901566	organonitrogen compound biosynthetic process	0.0208333885753207
-964	6.06251726299828e-5	2	425	GO:0098609	cell-cell adhesion	0.0330414681967902
-3130	6.58571404833517e-5	2	39	GO:0043094	cellular metabolic compound salvage	0.0330414681967902
-4029	7.92261104476747e-5	4	23	GO:0002181	cytoplasmic translation	0.0347802624865292
-1462	2.13684498611089e-4	2	155	GO:1903034	regulation of response to wounding	0.0833844399024605
